Country,Year,Month,D7505_4,I7505_5,I7505_6,I7505_7,I7505_8
India,"Financial Year (Apr - Mar), 2011","January, 2012",06-Jan-2012,394000.0,320419.0,102155.0,87250.0
India,"Financial Year (Apr - Mar), 2011","January, 2012",13-Jan-2012,408000.0,334418.81,111322.0,96416.0
India,"Financial Year (Apr - Mar), 2011","January, 2012",20-Jan-2012,422000.0,348418.0,111322.0,96420.0
India,"Financial Year (Apr - Mar), 2011","January, 2012",27-Jan-2012,436000.0,362418.0,111322.0,96420.0
India,"Financial Year (Apr - Mar), 2011","February, 2012",03-Feb-2012,449000.0,375418.0,122283.0,103230.0
India,"Financial Year (Apr - Mar), 2011","February, 2012",10-Feb-2012,462000.0,388418.81,128693.0,109638.2636
India,"Financial Year (Apr - Mar), 2011","February, 2012",17-Feb-2012,474000.0,400418.81,128693.0,109638.2636
India,"Financial Year (Apr - Mar), 2011","February, 2012",24-Feb-2012,486000.0,412418.81,137371.0,118316.26
India,"Financial Year (Apr - Mar), 2011","March, 2012",02-Mar-2012,498000.0,424418.81,137371.0,118316.26
India,"Financial Year (Apr - Mar), 2011","March, 2012",09-Mar-2012,498000.0,424419.0,148438.0,129236.0
India,"Financial Year (Apr - Mar), 2011","March, 2012",16-Mar-2012,510000.0,436418.81,151048.0,129058.0
India,"Financial Year (Apr - Mar), 2011","March, 2012",23-Mar-2012,510000.0,436418.81,152264.0,130274.76157
India,"Financial Year (Apr - Mar), 2011","March, 2012",30-Mar-2012,510000.0,436418.81,158632.3,136643.0616
India,"Financial Year (Apr - Mar), 2012","April, 2012",06-Apr-2012,18000.0,-8000.0,,
India,"Financial Year (Apr - Mar), 2012","April, 2012",13-Apr-2012,18000.0,-8000.0,2850.0,2850.0
India,"Financial Year (Apr - Mar), 2012","April, 2012",20-Apr-2012,33000.0,7000.0,2925.0,2925.0
India,"Financial Year (Apr - Mar), 2012","April, 2012",27-Apr-2012,49000.0,23000.0,7640.0,3666.0
India,"Financial Year (Apr - Mar), 2012","May, 2012",04-May-2012,65000.0,6000.0,7640.0,3665.0
India,"Financial Year (Apr - Mar), 2012","May, 2012",11-May-2012,83000.0,24000.0,11911.0,7937.0
India,"Financial Year (Apr - Mar), 2012","May, 2012",18-May-2012,98000.0,39000.0,11911.0,7937.0
India,"Financial Year (Apr - Mar), 2012","May, 2012",25-May-2012,113000.0,54000.0,19211.81,15237.46
India,"Financial Year (Apr - Mar), 2012","June, 2012",01-Jun-2012,128000.0,67425.87,19211.81,15237.46
India,"Financial Year (Apr - Mar), 2012","June, 2012",08-Jun-2012,143000.0,82425.87,23216.81,19242.46
India,"Financial Year (Apr - Mar), 2012","June, 2012",15-Jun-2012,158000.0,97425.87,23216.81,19242.46
India,"Financial Year (Apr - Mar), 2012","June, 2012",22-Jun-2012,158000.0,97425.87,27816.81,23842.46
India,"Financial Year (Apr - Mar), 2012","June, 2012",29-Jun-2012,173000.0,112425.87,27816.81,22798.71
India,"Financial Year (Apr - Mar), 2012","July, 2012",06-Jul-2012,188000.0,127424.87,31096.81,26078.71
India,"Financial Year (Apr - Mar), 2012","July, 2012",13-Jul-2012,203000.0,142425.87,31096.81,26078.71
India,"Financial Year (Apr - Mar), 2012","July, 2012",20-Jul-2012,219000.0,144384.06,41976.81,36958.71
India,"Financial Year (Apr - Mar), 2012","July, 2012",27-Jul-2012,234000.0,159384.06,41976.81,36958.71
India,"Financial Year (Apr - Mar), 2012","August, 2012",03-Aug-2012,249000.0,174384.06,41976.81,36958.71
India,"Financial Year (Apr - Mar), 2012","August, 2012",10-Aug-2012,264000.0,189384.06,51626.81,46608.71
India,"Financial Year (Apr - Mar), 2012","August, 2012",17-Aug-2012,279000.0,204384.06,51626.81,46608.71
India,"Financial Year (Apr - Mar), 2012","August, 2012",24-Aug-2012,294000.0,219384.0,57117.0,46725.0
India,"Financial Year (Apr - Mar), 2012","August, 2012",31-Aug-2012,309000.0,234384.0,57117.0,46725.0
India,"Financial Year (Apr - Mar), 2012","September, 2012",07-Sep-2012,324000.0,249384.0,64766.0,54374.0
India,"Financial Year (Apr - Mar), 2012","September, 2012",14-Sep-2012,340000.0,254384.0,64766.81,54374.81
India,"Financial Year (Apr - Mar), 2012","September, 2012",21-Sep-2012,340000.0,254384.0,74176.808,63785.0
India,"Financial Year (Apr - Mar), 2012","September, 2012",28-Sep-2012,355000.0,269385.0,74177.0,63785.0
India,"Financial Year (Apr - Mar), 2012","October, 2012",05-Oct-2012,370000.0,284384.0,82477.0,72085.0
India,"Financial Year (Apr - Mar), 2012","October, 2012",12-Oct-2012,383000.0,297384.0,82477.0,72085.0
India,"Financial Year (Apr - Mar), 2012","October, 2012",19-Oct-2012,396000.0,310384.0,90527.0,80135.0
India,"Financial Year (Apr - Mar), 2012","October, 2012",26-Oct-2012,409000.0,323384.0,96612.0,86220.0
India,"Financial Year (Apr - Mar), 2012","November, 2012",02-Nov-2012,409000.0,323384.0,96612.0,85592.0
India,"Financial Year (Apr - Mar), 2012","November, 2012",09-Nov-2012,422000.0,336384.0,101612.0,90592.0
India,"Financial Year (Apr - Mar), 2012","November, 2012",16-Nov-2012,435000.0,344384.0,101612.0,90592.0
India,"Financial Year (Apr - Mar), 2012","November, 2012",23-Nov-2012,448000.0,357384.0,111408.0,99606.0
India,"Financial Year (Apr - Mar), 2012","November, 2012",30-Nov-2012,461000.0,370384.0,111408.0,99606.0
India,"Financial Year (Apr - Mar), 2012","December, 2012",07-Dec-2012,474000.0,383384.0,115108.0,103306.0
India,"Financial Year (Apr - Mar), 2012","December, 2012",14-Dec-2012,486000.0,395384.0,115108.0,103012.0
India,"Financial Year (Apr - Mar), 2012","December, 2012",21-Dec-2012,486000.0,395384.0,125120.0,113025.0
India,"Financial Year (Apr - Mar), 2012","December, 2012",28-Dec-2012,498000.0,407384.0,125121.0,109680.0
India,"Financial Year (Apr - Mar), 2012","January, 2013",04-Jan-2013,510000.0,419384.06,125120.64,109683.67
India,"Financial Year (Apr - Mar), 2012","January, 2013",11-Jan-2013,510000.0,419384.06,131228.14,115791.17
India,"Financial Year (Apr - Mar), 2012","January, 2013",18-Jan-2013,510000.0,419384.06,131228.14,115791.17
India,"Financial Year (Apr - Mar), 2012","January, 2013",25-Jan-2013,522000.0,431384.06,141329.77,125892.8
India,"Financial Year (Apr - Mar), 2012","February, 2013",01-Feb-2013,522000.0,431384.06,141329.77,125892.8
India,"Financial Year (Apr - Mar), 2012","February, 2013",08-Feb-2013,534000.0,443384.06,148999.768,132441.3075
India,"Financial Year (Apr - Mar), 2012","February, 2013",15-Feb-2013,546000.0,455384.06,148999.768,132441.3075
India,"Financial Year (Apr - Mar), 2012","February, 2013",22-Feb-2013,558000.0,467384.06,156644.77,140086.31
India,"Financial Year (Apr - Mar), 2012","March, 2013",01-Mar-2013,558000.0,467384.06,156644.77,131687.99
India,"Financial Year (Apr - Mar), 2012","March, 2013",08-Mar-2013,558000.0,467384.0,167222.8,142266.0
India,"Financial Year (Apr - Mar), 2012","March, 2013",15-Mar-2013,558000.0,467384.06,167222.77,136594.84
India,"Financial Year (Apr - Mar), 2012","March, 2013",22-Mar-2013,558000.0,467384.06,176628.618,146000.6921
India,"Financial Year (Apr - Mar), 2012","March, 2013",29-Mar-2013,558000.0,467384.06,177278.618,146650.6921
India,"Financial Year (Apr - Mar), 2013","April, 2013",12-Apr-2013,15000.0,15000.0,2713.0,2713.0
India,"Financial Year (Apr - Mar), 2013","April, 2013",19-Apr-2013,30000.0,30000.0,2713.0,2713.0
India,"Financial Year (Apr - Mar), 2013","April, 2013",26-Apr-2013,45000.0,45000.0,8163.0,8163.0
India,"Financial Year (Apr - Mar), 2013","May, 2013",03-May-2013,45000.0,45000.0,8163.0,8163.0
India,"Financial Year (Apr - Mar), 2013","May, 2013",10-May-2013,60000.0,60000.0,12463.0,12463.0
India,"Financial Year (Apr - Mar), 2013","May, 2013",17-May-2013,75000.0,75000.0,12463.0,4570.17
India,"Financial Year (Apr - Mar), 2013","May, 2013",24-May-2013,90000.0,88248.67,19143.0,11250.17
India,"Financial Year (Apr - Mar), 2013","May, 2013",31-May-2013,105000.0,92248.67,19143.0,11250.17
India,"Financial Year (Apr - Mar), 2013","June, 2013",07-Jun-2013,121000.0,108248.67,22943.0,15050.17
India,"Financial Year (Apr - Mar), 2013","June, 2013",14-Jun-2013,135000.0,122248.67,22943.0,8048.54
India,"Financial Year (Apr - Mar), 2013","June, 2013",21-Jun-2013,135000.0,122248.67,30793.0,15898.54
India,"Financial Year (Apr - Mar), 2013","June, 2013",28-Jun-2013,151000.0,138248.67,30793.0,15898.54
India,"Financial Year (Apr - Mar), 2013","July, 2013",05-Jul-2013,165000.0,152248.67,37913.0,23018.54
India,"Financial Year (Apr - Mar), 2013","July, 2013",12-Jul-2013,180000.0,167248.67,37913.0,23018.54
India,"Financial Year (Apr - Mar), 2013","July, 2013",19-Jul-2013,195000.0,182248.67,40123.0,25228.54
India,"Financial Year (Apr - Mar), 2013","July, 2013",26-Jul-2013,210000.0,197248.67,40123.0,25228.54
India,"Financial Year (Apr - Mar), 2013","August, 2013",02-Aug-2013,225000.0,212248.67,48130.7,18946.82
India,"Financial Year (Apr - Mar), 2013","August, 2013",09-Aug-2013,240000.0,227248.67,48130.7,18946.82
India,"Financial Year (Apr - Mar), 2013","August, 2013",16-Aug-2013,255000.0,242248.67,53821.6,23387.72
India,"Financial Year (Apr - Mar), 2013","August, 2013",23-Aug-2013,271000.0,246264.76,53821.6,23387.72
India,"Financial Year (Apr - Mar), 2013","August, 2013",30-Aug-2013,287000.0,262264.76,60400.16,29966.28
India,"Financial Year (Apr - Mar), 2013","September, 2013",06-Sep-2013,304000.0,233264.76,60400.16,29966.28
India,"Financial Year (Apr - Mar), 2013","September, 2013",13-Sep-2013,314000.0,239264.76,68846.8,37457.92
India,"Financial Year (Apr - Mar), 2013","September, 2013",20-Sep-2013,314000.0,239264.76,68846.8,37457.92
India,"Financial Year (Apr - Mar), 2013","September, 2013",27-Sep-2013,330000.0,255264.76,75937.5,44358.84
India,"Financial Year (Apr - Mar), 2013","October, 2013",04-Oct-2013,344000.0,269264.76,75937.5,44358.84
India,"Financial Year (Apr - Mar), 2013","October, 2013",11-Oct-2013,359000.0,284264.76,87026.65,55447.99
India,"Financial Year (Apr - Mar), 2013","October, 2013",18-Oct-2013,374000.0,299264.76,87026.65,55447.99
India,"Financial Year (Apr - Mar), 2013","October, 2013",25-Oct-2013,389000.0,314264.76,96970.87,65392.21
India,"Financial Year (Apr - Mar), 2013","November, 2013",01-Nov-2013,390000.0,315264.76,96970.87,65392.21
India,"Financial Year (Apr - Mar), 2013","November, 2013",08-Nov-2013,404000.0,329265.0,104170.0,72592.0
India,"Financial Year (Apr - Mar), 2013","November, 2013",15-Nov-2013,419000.0,344265.0,104171.0,72592.0
India,"Financial Year (Apr - Mar), 2013","November, 2013",22-Nov-2013,434000.0,359265.0,111706.0,80127.0
India,"Financial Year (Apr - Mar), 2013","November, 2013",29-Nov-2013,450000.0,375264.76,111705.75,80127.09
India,"Financial Year (Apr - Mar), 2013","December, 2013",06-Dec-2013,464000.0,389264.76,121715.75,90137.09
India,"Financial Year (Apr - Mar), 2013","December, 2013",13-Dec-2013,479000.0,404264.76,121715.75,90137.09
India,"Financial Year (Apr - Mar), 2013","December, 2013",20-Dec-2013,479000.0,404264.76,133848.77,102270.11
India,"Financial Year (Apr - Mar), 2013","December, 2013",27-Dec-2013,494000.0,419264.76,133848.77,102270.11
India,"Financial Year (Apr - Mar), 2013","January, 2014",03-Jan-2014,509500.0,434764.76,141058.35,109479.69
India,"Financial Year (Apr - Mar), 2013","January, 2014",10-Jan-2014,524500.0,449764.76,141058.35,109479.69
India,"Financial Year (Apr - Mar), 2013","January, 2014",17-Jan-2014,539500.0,464764.76,152414.35,120535.69
India,"Financial Year (Apr - Mar), 2013","January, 2014",24-Jan-2014,539500.0,464764.76,152414.35,120535.69
India,"Financial Year (Apr - Mar), 2013","January, 2014",31-Jan-2014,539500.0,464764.76,162861.99,130983.33
India,"Financial Year (Apr - Mar), 2013","February, 2014",07-Feb-2014,553500.0,478764.76,162861.99,130983.33
India,"Financial Year (Apr - Mar), 2013","February, 2014",14-Feb-2014,563500.0,488764.76,173903.59,142024.93
India,"Financial Year (Apr - Mar), 2013","February, 2014",21-Feb-2014,563500.0,483764.76,173903.59,142024.93
India,"Financial Year (Apr - Mar), 2013","February, 2014",28-Feb-2014,563500.0,468491.16,181553.82,149675.16
India,"Financial Year (Apr - Mar), 2013","March, 2014",07-Mar-2014,563500.0,468491.16,181553.82,149675.16
India,"Financial Year (Apr - Mar), 2013","March, 2014",14-Mar-2014,563500.0,468491.16,190448.82,158570.16
India,"Financial Year (Apr - Mar), 2013","March, 2014",21-Mar-2014,563500.0,468491.16,190448.82,158570.16
India,"Financial Year (Apr - Mar), 2013","March, 2014",28-Mar-2014,563500.0,468491.16,196663.82,164585.16
India,"Financial Year (Apr - Mar), 2014","April, 2014",11-Apr-2014,16000.0,16000.0,5385.0,5385.0
India,"Financial Year (Apr - Mar), 2014","April, 2014",18-Apr-2014,32000.0,-8751.0,5385.0,5385.0
India,"Financial Year (Apr - Mar), 2014","April, 2014",25-Apr-2014,52000.0,11248.8,14301.0,6800.7
India,"Financial Year (Apr - Mar), 2014","May, 2014",02-May-2014,68000.0,27248.8,14301.0,6800.7
India,"Financial Year (Apr - Mar), 2014","May, 2014",09-May-2014,84000.0,43248.8,14301.0,6800.7
India,"Financial Year (Apr - Mar), 2014","May, 2014",16-May-2014,100000.0,31290.6,20521.0,13020.7
India,"Financial Year (Apr - Mar), 2014","May, 2014",23-May-2014,120000.0,46290.6,23521.0,16020.7
India,"Financial Year (Apr - Mar), 2014","May, 2014",30-May-2014,136000.0,60886.97,33286.0,17315.08
India,"Financial Year (Apr - Mar), 2014","June, 2014",06-Jun-2014,152000.0,76886.97,33286.0,17315.08
India,"Financial Year (Apr - Mar), 2014","June, 2014",13-Jun-2014,168000.0,92886.97,37766.0,21795.08
India,"Financial Year (Apr - Mar), 2014","June, 2014",20-Jun-2014,168000.0,92886.97,37766.0,21795.08
India,"Financial Year (Apr - Mar), 2014","June, 2014",27-Jun-2014,183000.0,107886.97,43896.0,27925.08
India,"Financial Year (Apr - Mar), 2014","July, 2014",04-Jul-2014,198000.0,122886.97,43896.0,27925.08
India,"Financial Year (Apr - Mar), 2014","July, 2014",11-Jul-2014,213000.0,137886.97,50146.0,34175.08
India,"Financial Year (Apr - Mar), 2014","July, 2014",18-Jul-2014,228000.0,152886.97,50146.0,34175.08
India,"Financial Year (Apr - Mar), 2014","July, 2014",25-Jul-2014,242000.0,166886.97,59946.0,43975.08
India,"Financial Year (Apr - Mar), 2014","August, 2014",01-Aug-2014,256000.0,180886.97,59946.0,43975.08
India,"Financial Year (Apr - Mar), 2014","August, 2014",08-Aug-2014,270000.0,194886.97,59946.0,43975.08
India,"Financial Year (Apr - Mar), 2014","August, 2014",15-Aug-2014,284000.0,208886.97,65196.0,49225.08
India,"Financial Year (Apr - Mar), 2014","August, 2014",22-Aug-2014,292000.0,216886.97,65196.0,49225.08
India,"Financial Year (Apr - Mar), 2014","August, 2014",29-Aug-2014,304000.0,228886.97,72876.0,56020.42
India,"Financial Year (Apr - Mar), 2014","September, 2014",05-Sep-2014,316000.0,240886.97,72876.0,56020.42
India,"Financial Year (Apr - Mar), 2014","September, 2014",12-Sep-2014,328000.0,252886.97,82481.0,65625.42
India,"Financial Year (Apr - Mar), 2014","September, 2014",19-Sep-2014,328000.0,244508.35,82481.0,65625.42
India,"Financial Year (Apr - Mar), 2014","September, 2014",26-Sep-2014,340000.0,252364.91,90781.0,73925.42
India,"Financial Year (Apr - Mar), 2014","October, 2014",03-Oct-2014,352000.0,264364.91,90781.0,73925.42
India,"Financial Year (Apr - Mar), 2014","October, 2014",10-Oct-2014,352000.0,264364.9,90781.0,73925.42
India,"Financial Year (Apr - Mar), 2014","October, 2014",17-Oct-2014,367000.0,279364.91,103231.0,86375.42
India,"Financial Year (Apr - Mar), 2014","October, 2014",24-Oct-2014,382000.0,286038.34,103231.0,86375.42
India,"Financial Year (Apr - Mar), 2014","October, 2014",31-Oct-2014,382000.0,285012.98,112881.0,96025.42
India,"Financial Year (Apr - Mar), 2014","November, 2014",07-Nov-2014,397000.0,267016.525,112881.0,90941.498
India,"Financial Year (Apr - Mar), 2014","November, 2014",14-Nov-2014,412000.0,276975.0,120301.0,98361.0
India,"Financial Year (Apr - Mar), 2014","November, 2014",21-Nov-2014,427000.0,291974.0,120301.0,98362.0
India,"Financial Year (Apr - Mar), 2014","November, 2014",28-Nov-2014,441000.0,305974.06,135826.0,113886.5
India,"Financial Year (Apr - Mar), 2014","December, 2014",05-Dec-2014,455000.0,319974.07,135826.0,113886.5
India,"Financial Year (Apr - Mar), 2014","December, 2014",12-Dec-2014,469000.0,333974.07,144256.0,118055.93
India,"Financial Year (Apr - Mar), 2014","December, 2014",19-Dec-2014,469000.0,333974.07,144256.0,118055.92
India,"Financial Year (Apr - Mar), 2014","December, 2014",26-Dec-2014,483000.0,347974.07,159956.0,133755.92
India,"Financial Year (Apr - Mar), 2014","January, 2015",02-Jan-2015,497000.0,361974.07,159956.0,133755.92
India,"Financial Year (Apr - Mar), 2014","January, 2015",09-Jan-2015,511000.0,375974.07,159956.0,133755.92
India,"Financial Year (Apr - Mar), 2014","January, 2015",16-Jan-2015,525000.0,389974.07,173006.0,143657.59
India,"Financial Year (Apr - Mar), 2014","January, 2015",23-Jan-2015,539000.0,403974.07,173006.0,143657.59
India,"Financial Year (Apr - Mar), 2014","January, 2015",30-Jan-2015,553000.0,417974.07,192156.0,162807.59
India,"Financial Year (Apr - Mar), 2014","February, 2015",06-Feb-2015,566000.0,430974.07,192156.0,162807.59
India,"Financial Year (Apr - Mar), 2014","February, 2015",13-Feb-2015,579000.0,440204.66,204436.0,175087.585
India,"Financial Year (Apr - Mar), 2014","February, 2015",20-Feb-2015,592000.0,453204.67,204436.0,175087.59
India,"Financial Year (Apr - Mar), 2014","February, 2015",27-Feb-2015,592000.0,453204.67,220382.0,186997.83
India,"Financial Year (Apr - Mar), 2014","March, 2015",06-Mar-2015,592000.0,453204.67,220382.0,186997.83
India,"Financial Year (Apr - Mar), 2014","March, 2015",13-Mar-2015,592000.0,453204.67,236192.38,202808.21
India,"Financial Year (Apr - Mar), 2014","March, 2015",20-Mar-2015,592000.0,453204.67,236192.38,202808.21
India,"Financial Year (Apr - Mar), 2014","March, 2015",27-Mar-2015,592000.0,453204.67,240842.38,207458.21
India,"Financial Year (Apr - Mar), 2015","April, 2015",17-Apr-2015,16000.0,16000.0,8180.0,8180.0
India,"Financial Year (Apr - Mar), 2015","April, 2015",24-Apr-2015,32000.0,32000.0,8180.0,7880.0
India,"Financial Year (Apr - Mar), 2015","May, 2015",01-May-2015,48000.0,48000.0,16740.0,16440.0
India,"Financial Year (Apr - Mar), 2015","May, 2015",08-May-2015,64000.0,64000.0,16740.0,16440.0
India,"Financial Year (Apr - Mar), 2015","May, 2015",15-May-2015,80000.0,80000.0,26988.2,26688.2
India,"Financial Year (Apr - Mar), 2015","May, 2015",22-May-2015,96000.0,93101.46,26988.2,19134.07
India,"Financial Year (Apr - Mar), 2015","May, 2015",29-May-2015,112000.0,109101.46,34138.2,26284.067
India,"Financial Year (Apr - Mar), 2015","June, 2015",05-Jun-2015,128000.0,125101.46,34138.2,26284.067
India,"Financial Year (Apr - Mar), 2015","June, 2015",12-Jun-2015,144000.0,104996.46,40438.2,32584.07
India,"Financial Year (Apr - Mar), 2015","June, 2015",19-Jun-2015,159000.0,86924.59,40438.2,30193.42
India,"Financial Year (Apr - Mar), 2015","June, 2015",26-Jun-2015,174000.0,101924.59,50183.2,39938.42
India,"Financial Year (Apr - Mar), 2015","July, 2015",03-Jul-2015,180000.0,101924.59,50183.2,39938.42
India,"Financial Year (Apr - Mar), 2015","July, 2015",10-Jul-2015,195000.0,116924.59,50183.2,39938.42
India,"Financial Year (Apr - Mar), 2015","July, 2015",17-Jul-2015,210000.0,131924.59,58258.2,48013.42
India,"Financial Year (Apr - Mar), 2015","July, 2015",24-Jul-2015,225000.0,146924.59,58258.2,48013.42
India,"Financial Year (Apr - Mar), 2015","July, 2015",31-Jul-2015,239000.0,160924.59,72383.2,62138.42
India,"Financial Year (Apr - Mar), 2015","August, 2015",07-Aug-2015,253000.0,167720.29,72383.2,61888.42
India,"Financial Year (Apr - Mar), 2015","August, 2015",14-Aug-2015,267000.0,175720.29,82483.2,71988.42
India,"Financial Year (Apr - Mar), 2015","August, 2015",21-Aug-2015,281000.0,189720.29,82483.2,71988.42
India,"Financial Year (Apr - Mar), 2015","August, 2015",28-Aug-2015,295000.0,203720.29,91433.2,72936.9
India,"Financial Year (Apr - Mar), 2015","September, 2015",04-Sep-2015,309000.0,172071.55,91433.2,72936.9
India,"Financial Year (Apr - Mar), 2015","September, 2015",11-Sep-2015,323000.0,186071.546,102683.2,84186.898
India,"Financial Year (Apr - Mar), 2015","September, 2015",18-Sep-2015,337000.0,200071.55,102683.2,81255.76
India,"Financial Year (Apr - Mar), 2015","September, 2015",25-Sep-2015,337000.0,200071.55,112843.2,91415.76
India,"Financial Year (Apr - Mar), 2015","October, 2015",02-Oct-2015,351000.0,214071.55,112843.2,90576.34
India,"Financial Year (Apr - Mar), 2015","October, 2015",09-Oct-2015,366000.0,229071.55,112843.2,90576.34
India,"Financial Year (Apr - Mar), 2015","October, 2015",16-Oct-2015,381000.0,236633.77,129155.0,101427.94
India,"Financial Year (Apr - Mar), 2015","October, 2015",23-Oct-2015,396000.0,251633.77,129155.0,101427.94
India,"Financial Year (Apr - Mar), 2015","October, 2015",30-Oct-2015,411000.0,266633.77,137905.0,110177.94
India,"Financial Year (Apr - Mar), 2015","November, 2015",06-Nov-2015,426000.0,281633.77,137905.0,110177.94
India,"Financial Year (Apr - Mar), 2015","November, 2015",13-Nov-2015,441000.0,296633.77,157205.0,129477.94
India,"Financial Year (Apr - Mar), 2015","November, 2015",20-Nov-2015,441000.0,296633.77,157205.0,129102.94
India,"Financial Year (Apr - Mar), 2015","November, 2015",27-Nov-2015,456000.0,311633.77,171005.0,142902.94
India,"Financial Year (Apr - Mar), 2015","December, 2015",04-Dec-2015,471000.0,326633.77,171005.0,142902.94
India,"Financial Year (Apr - Mar), 2015","December, 2015",11-Dec-2015,486000.0,341633.77,186615.32,158513.26
India,"Financial Year (Apr - Mar), 2015","December, 2015",18-Dec-2015,501000.0,356633.766,186615.32,158152.116
India,"Financial Year (Apr - Mar), 2015","December, 2015",25-Dec-2015,501000.0,356633.77,198640.32,170177.12
India,"Financial Year (Apr - Mar), 2015","January, 2016",01-Jan-2016,501000.0,356633.77,198640.32,170177.12
India,"Financial Year (Apr - Mar), 2015","January, 2016",08-Jan-2016,515000.0,370633.77,198640.32,170177.12
India,"Financial Year (Apr - Mar), 2015","January, 2016",15-Jan-2016,529000.0,384633.77,215810.32,187347.12
India,"Financial Year (Apr - Mar), 2015","January, 2016",22-Jan-2016,543000.0,398633.77,215810.32,186164.15
India,"Financial Year (Apr - Mar), 2015","January, 2016",29-Jan-2016,557000.0,412633.77,233810.32,204164.15
India,"Financial Year (Apr - Mar), 2015","February, 2016",05-Feb-2016,571000.0,426633.77,233810.32,204164.15
India,"Financial Year (Apr - Mar), 2015","February, 2016",12-Feb-2016,585000.0,440633.77,251335.32,221689.15
India,"Financial Year (Apr - Mar), 2015","February, 2016",19-Feb-2016,585000.0,440633.77,251335.32,221689.15
India,"Financial Year (Apr - Mar), 2015","February, 2016",26-Feb-2016,585000.0,440633.77,272780.32,239409.95
India,"Financial Year (Apr - Mar), 2015","March, 2016",04-Mar-2016,585000.0,440633.77,272780.32,239409.95
India,"Financial Year (Apr - Mar), 2015","March, 2016",11-Mar-2016,585000.0,440633.77,286880.32,253509.95
India,"Financial Year (Apr - Mar), 2015","March, 2016",18-Mar-2016,585000.0,440633.77,286880.32,253509.945
India,"Financial Year (Apr - Mar), 2015","March, 2016",25-Mar-2016,585000.0,440633.77,294560.32,261189.95
India,"Financial Year (Apr - Mar), 2016","April, 2016",15-Apr-2016,15000.0,-20149.48,,
India,"Financial Year (Apr - Mar), 2016","April, 2016",22-Apr-2016,30000.0,-13614.43,9265.0,9265.0
India,"Financial Year (Apr - Mar), 2016","April, 2016",29-Apr-2016,45000.0,1385.57,14080.0,13780.0
India,"Financial Year (Apr - Mar), 2016","May, 2016",06-May-2016,60000.0,16385.57,14080.0,13780.0
India,"Financial Year (Apr - Mar), 2016","May, 2016",13-May-2016,75000.0,25385.57,24355.0,18470.03
India,"Financial Year (Apr - Mar), 2016","May, 2016",20-May-2016,90000.0,40385.57,24355.0,18470.03
India,"Financial Year (Apr - Mar), 2016","May, 2016",27-May-2016,105000.0,55385.57,32605.0,26720.03
India,"Financial Year (Apr - Mar), 2016","June, 2016",03-Jun-2016,120000.0,70385.57,32605.0,26720.025
India,"Financial Year (Apr - Mar), 2016","June, 2016",10-Jun-2016,135000.0,79386.0,32605.0,26720.02
India,"Financial Year (Apr - Mar), 2016","June, 2016",17-Jun-2016,150000.0,94385.57,47480.0,41595.025
India,"Financial Year (Apr - Mar), 2016","June, 2016",24-Jun-2016,150000.0,94385.57,47480.0,41595.03
India,"Financial Year (Apr - Mar), 2016","July, 2016",01-Jul-2016,180000.0,124385.57,54780.0,48895.03
India,"Financial Year (Apr - Mar), 2016","July, 2016",08-Jul-2016,180000.0,111255.72,54780.0,48895.03
India,"Financial Year (Apr - Mar), 2016","July, 2016",15-Jul-2016,195000.0,126255.72,67255.0,59911.71
India,"Financial Year (Apr - Mar), 2016","July, 2016",22-Jul-2016,210000.0,141255.72,67255.0,59911.71
India,"Financial Year (Apr - Mar), 2016","July, 2016",29-Jul-2016,225000.0,156255.72,76405.0,69061.71
India,"Financial Year (Apr - Mar), 2016","August, 2016",05-Aug-2016,240000.0,171255.72,76405.0,69061.71
India,"Financial Year (Apr - Mar), 2016","August, 2016",12-Aug-2016,255000.0,186255.72,89980.0,82336.71
India,"Financial Year (Apr - Mar), 2016","August, 2016",19-Aug-2016,270000.0,163162.46,89980.0,82336.71
India,"Financial Year (Apr - Mar), 2016","August, 2016",26-Aug-2016,285000.0,178162.46,104755.0,94261.71
India,"Financial Year (Apr - Mar), 2016","September, 2016",02-Sep-2016,299000.0,192162.46,104755.0,94261.71
India,"Financial Year (Apr - Mar), 2016","September, 2016",09-Sep-2016,313000.0,206162.46,104755.0,93461.71
India,"Financial Year (Apr - Mar), 2016","September, 2016",16-Sep-2016,327000.0,220162.46,121530.0,110236.71
India,"Financial Year (Apr - Mar), 2016","September, 2016",23-Sep-2016,327000.0,220162.46,121530.0,109436.7
India,"Financial Year (Apr - Mar), 2016","September, 2016",30-Sep-2016,341000.0,234162.46,133930.0,121836.7
India,"Financial Year (Apr - Mar), 2016","October, 2016",07-Oct-2016,355000.0,248162.46,133930.0,121836.7
India,"Financial Year (Apr - Mar), 2016","October, 2016",14-Oct-2016,370000.0,263162.46,151930.0,139236.7
India,"Financial Year (Apr - Mar), 2016","October, 2016",21-Oct-2016,370000.0,263162.46,151930.0,139035.37
India,"Financial Year (Apr - Mar), 2016","October, 2016",28-Oct-2016,385000.0,276151.61,172405.0,158510.37
India,"Financial Year (Apr - Mar), 2016","November, 2016",04-Nov-2016,400000.0,291151.61,172405.0,158510.37
India,"Financial Year (Apr - Mar), 2016","November, 2016",11-Nov-2016,415000.0,303686.61,199045.0,185150.37
India,"Financial Year (Apr - Mar), 2016","November, 2016",18-Nov-2016,430000.0,318686.61,199045.0,182719.15
India,"Financial Year (Apr - Mar), 2016","November, 2016",25-Nov-2016,445000.0,333686.61,219187.79,200955.61
India,"Financial Year (Apr - Mar), 2016","December, 2016",02-Dec-2016,460000.0,348686.61,221037.79,202805.61
India,"Financial Year (Apr - Mar), 2016","December, 2016",09-Dec-2016,474000.0,362686.61,221037.79,202805.61
India,"Financial Year (Apr - Mar), 2016","December, 2016",16-Dec-2016,488000.0,376686.61,238358.79,218163.37
India,"Financial Year (Apr - Mar), 2016","December, 2016",23-Dec-2016,488000.0,376686.61,238608.79,218413.37
India,"Financial Year (Apr - Mar), 2016","December, 2016",30-Dec-2016,502000.0,390686.61,255356.0,235160.58
India,"Financial Year (Apr - Mar), 2016","January, 2017",06-Jan-2017,516000.0,404686.61,255356.0,235160.58
India,"Financial Year (Apr - Mar), 2016","January, 2017",13-Jan-2017,527000.0,353197.0,276856.0,256660.0
India,"Financial Year (Apr - Mar), 2016","January, 2017",20-Jan-2017,538000.0,364197.61,277656.0,256245.99
India,"Financial Year (Apr - Mar), 2016","January, 2017",27-Jan-2017,549000.0,375197.61,297895.0,268751.91
India,"Financial Year (Apr - Mar), 2016","February, 2017",03-Feb-2017,560000.0,386197.61,297895.0,268551.91
India,"Financial Year (Apr - Mar), 2016","February, 2017",10-Feb-2017,571000.0,397197.61,297895.0,268551.91
India,"Financial Year (Apr - Mar), 2016","February, 2017",17-Feb-2017,582000.0,408197.61,319495.0,290151.92
India,"Financial Year (Apr - Mar), 2016","February, 2017",24-Feb-2017,582000.0,408197.61,319495.0,283721.12
India,"Financial Year (Apr - Mar), 2016","March, 2017",03-Mar-2017,582000.0,408197.61,344388.5,308614.62
India,"Financial Year (Apr - Mar), 2016","March, 2017",10-Mar-2017,582000.0,408197.61,344388.5,308614.62
India,"Financial Year (Apr - Mar), 2016","March, 2017",17-Mar-2017,582000.0,408197.61,368676.5,330185.72
India,"Financial Year (Apr - Mar), 2016","March, 2017",24-Mar-2017,582000.0,408197.61,368676.5,329348.12
India,"Financial Year (Apr - Mar), 2016","March, 2017",31-Mar-2017,582000.0,408197.61,381979.3,342650.92
India,"Financial Year (Apr - Mar), 2017","April, 2017",14-Apr-2017,15000.0,15000.0,11100.0,10850.0
India,"Financial Year (Apr - Mar), 2017","April, 2017",21-Apr-2017,33000.0,-3767.33,11350.0,9263.0
India,"Financial Year (Apr - Mar), 2017","April, 2017",28-Apr-2017,48000.0,11232.67,16450.0,14363.0
India,"Financial Year (Apr - Mar), 2017","May, 2017",05-May-2017,63000.0,26232.67,16450.0,14363.0
India,"Financial Year (Apr - Mar), 2017","May, 2017",12-May-2017,78000.0,41232.67,24750.0,22313.0
India,"Financial Year (Apr - Mar), 2017","May, 2017",19-May-2017,93000.0,56232.67,24750.0,20913.0
India,"Financial Year (Apr - Mar), 2017","May, 2017",26-May-2017,108000.0,71232.67,38075.0,34238.0
India,"Financial Year (Apr - Mar), 2017","June, 2017",02-Jun-2017,123000.0,86232.67,38075.0,34238.0
India,"Financial Year (Apr - Mar), 2017","June, 2017",09-Jun-2017,138000.0,101232.67,38075.0,34238.0
India,"Financial Year (Apr - Mar), 2017","June, 2017",16-Jun-2017,153000.0,116232.67,48850.0,45013.0
India,"Financial Year (Apr - Mar), 2017","June, 2017",23-Jun-2017,153000.0,116232.67,48850.0,41447.41
India,"Financial Year (Apr - Mar), 2017","June, 2017",30-Jun-2017,168000.0,131232.67,64955.0,57552.41
India,"Financial Year (Apr - Mar), 2017","July, 2017",07-Jul-2017,183000.0,90612.58,64955.0,57552.41
India,"Financial Year (Apr - Mar), 2017","July, 2017",14-Jul-2017,201000.0,108612.58,82155.0,74752.41
India,"Financial Year (Apr - Mar), 2017","July, 2017",21-Jul-2017,219000.0,126612.58,82155.0,71952.41
India,"Financial Year (Apr - Mar), 2017","July, 2017",28-Jul-2017,234000.0,141612.58,98217.5,86625.76
India,"Financial Year (Apr - Mar), 2017","August, 2017",04-Aug-2017,249000.0,156612.58,98217.5,86625.76
India,"Financial Year (Apr - Mar), 2017","August, 2017",11-Aug-2017,264000.0,171612.58,118416.08,106824.34
India,"Financial Year (Apr - Mar), 2017","August, 2017",18-Aug-2017,279000.0,186612.58,118416.08,103339.91
India,"Financial Year (Apr - Mar), 2017","August, 2017",25-Aug-2017,294000.0,201612.58,136704.5,121628.33
India,"Financial Year (Apr - Mar), 2017","September, 2017",01-Sep-2017,309000.0,186296.51,136704.5,121628.33
India,"Financial Year (Apr - Mar), 2017","September, 2017",08-Sep-2017,327000.0,204296.51,136704.5,121628.33
India,"Financial Year (Apr - Mar), 2017","September, 2017",15-Sep-2017,342000.0,219296.51,158739.15,143662.98
India,"Financial Year (Apr - Mar), 2017","September, 2017",22-Sep-2017,342000.0,219296.51,158739.15,140589.24
India,"Financial Year (Apr - Mar), 2017","September, 2017",29-Sep-2017,357000.0,234296.51,177939.15,159789.24
India,"Financial Year (Apr - Mar), 2017","October, 2017",06-Oct-2017,372000.0,249296.51,178939.15,159799.005
India,"Financial Year (Apr - Mar), 2017","October, 2017",13-Oct-2017,386000.0,263296.51,189909.15,166097.01
India,"Financial Year (Apr - Mar), 2017","October, 2017",20-Oct-2017,401000.0,278296.51,189909.15,166096.7
India,"Financial Year (Apr - Mar), 2017","October, 2017",27-Oct-2017,401000.0,278296.51,201109.15,177296.7
India,"Financial Year (Apr - Mar), 2017","November, 2017",03-Nov-2017,416000.0,293296.51,212459.15,188646.7
India,"Financial Year (Apr - Mar), 2017","November, 2017",10-Nov-2017,431000.0,308296.51,219559.15,194746.7
India,"Financial Year (Apr - Mar), 2017","November, 2017",17-Nov-2017,446000.0,323296.51,227126.4,197013.95
India,"Financial Year (Apr - Mar), 2017","November, 2017",24-Nov-2017,461000.0,338296.51,232226.4,202113.95
India,"Financial Year (Apr - Mar), 2017","December, 2017",01-Dec-2017,476000.0,350960.26,243526.65,213414.2
India,"Financial Year (Apr - Mar), 2017","December, 2017",08-Dec-2017,491000.0,365960.26,252971.65,216646.85
India,"Financial Year (Apr - Mar), 2017","December, 2017",15-Dec-2017,506000.0,380960.26,262071.65,225746.85
India,"Financial Year (Apr - Mar), 2017","December, 2017",22-Dec-2017,506000.0,380960.26,270845.65,231557.94
India,"Financial Year (Apr - Mar), 2017","December, 2017",29-Dec-2017,521000.0,395960.26,283378.65,244090.94
India,"Financial Year (Apr - Mar), 2017","January, 2018",05-Jan-2018,525000.0,385409.71,291278.65,251990.94
India,"Financial Year (Apr - Mar), 2017","January, 2018",12-Jan-2018,540000.0,400409.71,302578.65,257457.64
India,"Financial Year (Apr - Mar), 2017","January, 2018",19-Jan-2018,555000.0,415409.71,307966.65,262845.64
India,"Financial Year (Apr - Mar), 2017","January, 2018",26-Jan-2018,566000.0,426409.71,320025.02,267125.58
India,"Financial Year (Apr - Mar), 2017","February, 2018",02-Feb-2018,577000.0,437409.71,332794.02,279894.58
India,"Financial Year (Apr - Mar), 2017","February, 2018",09-Feb-2018,577000.0,437409.71,341594.02,288694.58
India,"Financial Year (Apr - Mar), 2017","February, 2018",16-Feb-2018,588000.0,448409.71,353244.02,300344.58
India,"Financial Year (Apr - Mar), 2017","February, 2018",23-Feb-2018,588000.0,448409.71,364410.02,298759.62
India,"Financial Year (Apr - Mar), 2017","March, 2018",02-Mar-2018,588000.0,448409.71,377840.02,312189.62
India,"Financial Year (Apr - Mar), 2017","March, 2018",09-Mar-2018,588000.0,448409.71,392175.02,322175.44
India,"Financial Year (Apr - Mar), 2017","March, 2018",16-Mar-2018,588000.0,448409.71,404992.77,330391.31
India,"Financial Year (Apr - Mar), 2017","March, 2018",23-Mar-2018,588000.0,448409.71,412088.52,337487.06
India,"Financial Year (Apr - Mar), 2017","March, 2018",30-Mar-2018,588000.0,448409.71,419099.52,341269.06
India,"Financial Year (Apr - Mar), 2018","April, 2018",13-Apr-2018,12000.0,-28518.39,18778.1,18778.1
India,"Financial Year (Apr - Mar), 2018","April, 2018",20-Apr-2018,24000.0,-16518.39,25628.1,25628.1
India,"Financial Year (Apr - Mar), 2018","April, 2018",27-Apr-2018,48000.0,-23438.2,31728.1,29080.1
India,"Financial Year (Apr - Mar), 2018","May, 2018",04-May-2018,48000.0,-23438.2,31728.1,29080.1
India,"Financial Year (Apr - Mar), 2018","May, 2018",11-May-2018,60000.0,-11438.2,40928.1,38280.1
India,"Financial Year (Apr - Mar), 2018","May, 2018",18-May-2018,72000.0,561.81,45428.1,42780.1
India,"Financial Year (Apr - Mar), 2018","May, 2018",25-May-2018,84000.0,12561.81,50348.1,47700.1
India,"Financial Year (Apr - Mar), 2018","June, 2018",01-Jun-2018,96000.0,24561.81,56608.1,50696.0
India,"Financial Year (Apr - Mar), 2018","June, 2018",08-Jun-2018,108000.0,36561.81,62437.7,56525.6
India,"Financial Year (Apr - Mar), 2018","June, 2018",15-Jun-2018,120000.0,48561.81,63437.7,57525.6
India,"Financial Year (Apr - Mar), 2018","June, 2018",22-Jun-2018,120000.0,48561.81,66787.7,58563.67
India,"Financial Year (Apr - Mar), 2018","June, 2018",29-Jun-2018,132000.0,60561.81,76587.7,68363.67
India,"Financial Year (Apr - Mar), 2018","July, 2018",06-Jul-2018,144000.0,72561.81,82716.7,72192.67
India,"Financial Year (Apr - Mar), 2018","July, 2018",13-Jul-2018,156000.0,84561.81,90981.45,79457.42
India,"Financial Year (Apr - Mar), 2018","July, 2018",20-Jul-2018,168000.0,96561.81,96731.45,85104.42
India,"Financial Year (Apr - Mar), 2018","July, 2018",27-Jul-2018,180000.0,108561.81,104013.95,92386.92
India,"Financial Year (Apr - Mar), 2018","August, 2018",03-Aug-2018,192000.0,120561.81,109513.95,95700.02
India,"Financial Year (Apr - Mar), 2018","August, 2018",10-Aug-2018,204000.0,132561.81,122214.45,108400.52
India,"Financial Year (Apr - Mar), 2018","August, 2018",17-Aug-2018,216000.0,144561.81,122214.45,108400.52
India,"Financial Year (Apr - Mar), 2018","August, 2018",24-Aug-2018,228000.0,156561.81,129864.45,116050.52
India,"Financial Year (Apr - Mar), 2018","August, 2018",31-Aug-2018,240000.0,168561.81,132064.45,116223.88
India,"Financial Year (Apr - Mar), 2018","September, 2018",07-Sep-2018,252000.0,180561.81,142302.4,126461.83
India,"Financial Year (Apr - Mar), 2018","September, 2018",14-Sep-2018,264000.0,192561.81,150952.4,132311.83
India,"Financial Year (Apr - Mar), 2018","September, 2018",21-Sep-2018,264000.0,192561.81,153452.4,134811.83
India,"Financial Year (Apr - Mar), 2018","September, 2018",28-Sep-2018,276000.0,188431.81,157502.4,137649.83
India,"Financial Year (Apr - Mar), 2018","October, 2018",05-Oct-2018,288000.0,200431.81,164598.4,144745.83
India,"Financial Year (Apr - Mar), 2018","October, 2018",12-Oct-2018,299000.0,211431.81,177581.4,154467.03
India,"Financial Year (Apr - Mar), 2018","October, 2018",19-Oct-2018,310000.0,222431.81,188681.4,165567.03
India,"Financial Year (Apr - Mar), 2018","October, 2018",26-Oct-2018,321000.0,233431.81,197278.95,169864.58
India,"Financial Year (Apr - Mar), 2018","November, 2018",02-Nov-2018,332000.0,244431.81,204078.95,176664.58
India,"Financial Year (Apr - Mar), 2018","November, 2018",09-Nov-2018,343000.0,255431.81,215037.2,187622.83
India,"Financial Year (Apr - Mar), 2018","November, 2018",16-Nov-2018,343000.0,255431.81,224662.6,193653.23
India,"Financial Year (Apr - Mar), 2018","November, 2018",23-Nov-2018,355000.0,254799.93,229312.6,193453.23
India,"Financial Year (Apr - Mar), 2018","November, 2018",30-Nov-2018,367000.0,266799.93,243262.6,207403.23
India,"Financial Year (Apr - Mar), 2018","December, 2018",07-Dec-2018,379000.0,278799.93,255988.6,220129.23
India,"Financial Year (Apr - Mar), 2018","December, 2018",14-Dec-2018,391000.0,290799.93,265488.6,223719.04
India,"Financial Year (Apr - Mar), 2018","December, 2018",21-Dec-2018,391000.0,290799.93,273313.25,231543.69
India,"Financial Year (Apr - Mar), 2018","December, 2018",28-Dec-2018,403000.0,302799.93,287159.08,240594.35
India,"Financial Year (Apr - Mar), 2018","January, 2019",04-Jan-2019,415000.0,304799.93,299993.53,253428.8
India,"Financial Year (Apr - Mar), 2018","January, 2019",11-Jan-2019,427000.0,316799.93,310225.43,257958.6
India,"Financial Year (Apr - Mar), 2018","January, 2019",18-Jan-2019,439000.0,328799.93,325765.23,267703.62
India,"Financial Year (Apr - Mar), 2018","January, 2019",25-Jan-2019,451000.0,340799.93,333515.23,268452.46
India,"Financial Year (Apr - Mar), 2018","February, 2019",01-Feb-2019,463000.0,352799.93,348290.23,283227.46
India,"Financial Year (Apr - Mar), 2018","February, 2019",08-Feb-2019,475000.0,326737.0,373246.23,302860.62
India,"Financial Year (Apr - Mar), 2018","February, 2019",15-Feb-2019,487000.0,338736.91,387791.23,317405.61
India,"Financial Year (Apr - Mar), 2018","February, 2019",22-Feb-2019,499000.0,350736.91,395575.23,316827.37
India,"Financial Year (Apr - Mar), 2018","March, 2019",01-Mar-2019,511000.0,362736.91,416025.23,336277.37
India,"Financial Year (Apr - Mar), 2018","March, 2019",08-Mar-2019,523000.0,374736.91,436283.05,343111.08
India,"Financial Year (Apr - Mar), 2018","March, 2019",15-Mar-2019,535000.0,386736.91,455602.49,345173.53
India,"Financial Year (Apr - Mar), 2018","March, 2019",22-Mar-2019,553000.0,404736.91,467036.49,343392.61
India,"Financial Year (Apr - Mar), 2018","March, 2019",29-Mar-2019,571000.0,422736.92,478323.49,349631.44
India,"Financial Year (Apr - Mar), 2019","April, 2019",12-Apr-2019,17000.0,17000.0,16069.0,15169.0
India,"Financial Year (Apr - Mar), 2019","April, 2019",19-Apr-2019,34000.0,34000.0,26069.0,21391.55
India,"Financial Year (Apr - Mar), 2019","April, 2019",26-Apr-2019,51000.0,51000.0,29572.0,24894.55
India,"Financial Year (Apr - Mar), 2019","May, 2019",03-May-2019,68000.0,68000.0,34772.0,27455.7
India,"Financial Year (Apr - Mar), 2019","May, 2019",10-May-2019,85000.0,85000.0,40772.0,30955.7
India,"Financial Year (Apr - Mar), 2019","May, 2019",17-May-2019,102000.0,102000.0,45772.0,35955.7
India,"Financial Year (Apr - Mar), 2019","May, 2019",24-May-2019,119000.0,119000.0,47172.0,37355.7
India,"Financial Year (Apr - Mar), 2019","May, 2019",31-May-2019,136000.0,136000.0,51672.0,37355.7
India,"Financial Year (Apr - Mar), 2019","June, 2019",07-Jun-2019,153000.0,111812.0,60038.0,45721.7
India,"Financial Year (Apr - Mar), 2019","June, 2019",14-Jun-2019,170000.0,117812.0,66633.0,52316.7
India,"Financial Year (Apr - Mar), 2019","June, 2019",21-Jun-2019,187000.0,134812.0,68033.0,51404.77
India,"Financial Year (Apr - Mar), 2019","June, 2019",28-Jun-2019,204000.0,151812.0,81523.0,58944.77
India,"Financial Year (Apr - Mar), 2019","July, 2019",05-Jul-2019,221000.0,168812.0,95310.9,72732.67
India,"Financial Year (Apr - Mar), 2019","July, 2019",12-Jul-2019,238000.0,142972.0,102910.9,75832.67
India,"Financial Year (Apr - Mar), 2019","July, 2019",19-Jul-2019,255000.0,159972.0,110160.9,83082.67
India,"Financial Year (Apr - Mar), 2019","July, 2019",26-Jul-2019,272000.0,176972.0,118705.4,85027.17
India,"Financial Year (Apr - Mar), 2019","August, 2019",02-Aug-2019,289000.0,193972.0,132129.4,96451.17
India,"Financial Year (Apr - Mar), 2019","August, 2019",09-Aug-2019,306000.0,204972.0,144929.4,101776.77
India,"Financial Year (Apr - Mar), 2019","August, 2019",16-Aug-2019,323000.0,221972.0,155779.4,112326.77
India,"Financial Year (Apr - Mar), 2019","August, 2019",23-Aug-2019,340000.0,238972.0,161729.4,118276.77
India,"Financial Year (Apr - Mar), 2019","August, 2019",30-Aug-2019,357000.0,255972.0,176682.4,127829.77
India,"Financial Year (Apr - Mar), 2019","September, 2019",06-Sep-2019,374000.0,272972.0,190982.4,142129.77
India,"Financial Year (Apr - Mar), 2019","September, 2019",13-Sep-2019,391000.0,289972.0,197595.4,139182.88
India,"Financial Year (Apr - Mar), 2019","September, 2019",20-Sep-2019,408000.0,306972.0,205095.4,146682.88
India,"Financial Year (Apr - Mar), 2019","September, 2019",27-Sep-2019,425000.0,323972.0,225445.4,156446.88
India,"Financial Year (Apr - Mar), 2019","October, 2019",04-Oct-2019,442000.0,340972.0,225445.4,155546.99
India,"Financial Year (Apr - Mar), 2019","October, 2019",11-Oct-2019,458000.0,356972.0,244779.4,166076.89
India,"Financial Year (Apr - Mar), 2019","October, 2019",18-Oct-2019,474000.0,372972.0,259679.4,179631.05
India,"Financial Year (Apr - Mar), 2019","October, 2019",25-Oct-2019,490000.0,388972.0,274574.16,194525.82
India,"Financial Year (Apr - Mar), 2019","November, 2019",01-Nov-2019,490000.0,388972.0,285606.16,201060.4
India,"Financial Year (Apr - Mar), 2019","November, 2019",08-Nov-2019,506000.0,404972.0,293556.16,209010.4
India,"Financial Year (Apr - Mar), 2019","November, 2019",15-Nov-2019,522000.0,420972.0,307306.16,218254.04
India,"Financial Year (Apr - Mar), 2019","November, 2019",22-Nov-2019,538000.0,436972.0,316001.66,226949.54
India,"Financial Year (Apr - Mar), 2019","November, 2019",29-Nov-2019,554000.0,452972.0,330827.01,234558.98
India,"Financial Year (Apr - Mar), 2019","December, 2019",06-Dec-2019,570000.0,468972.0,344736.48,248468.45
India,"Financial Year (Apr - Mar), 2019","December, 2019",13-Dec-2019,586000.0,484972.0,358295.48,254360.26
India,"Financial Year (Apr - Mar), 2019","December, 2019",20-Dec-2019,602000.0,500972.0,367845.48,263910.26
India,"Financial Year (Apr - Mar), 2019","December, 2019",27-Dec-2019,618000.0,516972.0,377995.48,268895.26
India,"Financial Year (Apr - Mar), 2019","January, 2020",03-Jan-2020,634000.0,471972.0,387376.48,278197.96
India,"Financial Year (Apr - Mar), 2019","January, 2020",10-Jan-2020,650000.0,487972.0,403876.48,288844.96
India,"Financial Year (Apr - Mar), 2019","January, 2020",17-Jan-2020,666000.0,429972.0,425318.48,310286.96
India,"Financial Year (Apr - Mar), 2019","January, 2020",24-Jan-2020,682000.0,445972.0,434418.48,317057.91
India,"Financial Year (Apr - Mar), 2019","January, 2020",31-Jan-2020,696000.0,459972.0,452588.48,335227.91
India,"Financial Year (Apr - Mar), 2019","February, 2020",07-Feb-2020,710000.0,473972.0,467478.48,344119.81
India,"Financial Year (Apr - Mar), 2019","February, 2020",14-Feb-2020,710000.0,473972.0,483113.8,359755.12
India,"Financial Year (Apr - Mar), 2019","February, 2020",21-Feb-2020,710000.0,473972.0,494113.8,367278.12
India,"Financial Year (Apr - Mar), 2019","February, 2020",28-Feb-2020,710000.0,473972.0,518245.8,387477.56
India,"Financial Year (Apr - Mar), 2019","March, 2020",06-Mar-2020,710000.0,473972.0,545076.3,414308.06
India,"Financial Year (Apr - Mar), 2019","March, 2020",13-Mar-2020,710000.0,473972.0,567465.28,429493.66
India,"Financial Year (Apr - Mar), 2019","March, 2020",20-Mar-2020,710000.0,473972.0,586377.52,445244.25
India,"Financial Year (Apr - Mar), 2019","March, 2020",27-Mar-2020,710000.0,473972.0,608360.57,462421.83
India,"Financial Year (Apr - Mar), 2020","April, 2020",10-Apr-2020,,-29608.43,32560.0,32060.0
India,"Financial Year (Apr - Mar), 2020","April, 2020",17-Apr-2020,19000.0,-10608.43,44688.0,38388.0
India,"Financial Year (Apr - Mar), 2020","April, 2020",24-Apr-2020,39000.0,3391.57,52255.0,45955.0
India,"Financial Year (Apr - Mar), 2020","May, 2020",01-May-2020,60000.0,24391.57,59255.0,48855.0
India,"Financial Year (Apr - Mar), 2020","May, 2020",08-May-2020,83000.0,-2570.854,70255.0,59855.0
India,"Financial Year (Apr - Mar), 2020","May, 2020",15-May-2020,106000.0,20429.15,81005.0,67505.0
India,"Financial Year (Apr - Mar), 2020","May, 2020",22-May-2020,140000.0,54429.15,89005.0,70897.5
India,"Financial Year (Apr - Mar), 2020","May, 2020",29-May-2020,178000.0,92429.15,107205.0,89097.5
India,"Financial Year (Apr - Mar), 2020","June, 2020",05-Jun-2020,214000.0,128429.15,126205.0,106864.08
India,"Financial Year (Apr - Mar), 2020","June, 2020",12-Jun-2020,248000.0,117428.3,142726.2,119970.43
India,"Financial Year (Apr - Mar), 2020","June, 2020",19-Jun-2020,282000.0,151428.3,147926.2,125170.43
India,"Financial Year (Apr - Mar), 2020","June, 2020",26-Jun-2020,314000.0,183428.3,155276.2,127108.5
India,"Financial Year (Apr - Mar), 2020","July, 2020",03-Jul-2020,346000.0,215428.3,167276.2,139108.5
India,"Financial Year (Apr - Mar), 2020","July, 2020",10-Jul-2020,380000.0,249428.3,180026.2,146971.0
India,"Financial Year (Apr - Mar), 2020","July, 2020",17-Jul-2020,414000.0,283428.3,193776.2,160721.0
India,"Financial Year (Apr - Mar), 2020","July, 2020",24-Jul-2020,448000.0,317428.3,203776.2,167289.89
India,"Financial Year (Apr - Mar), 2020","July, 2020",31-Jul-2020,482000.0,351428.3,214876.2,178389.89
India,"Financial Year (Apr - Mar), 2020","August, 2020",07-Aug-2020,516000.0,385428.3,228276.2,187652.39
India,"Financial Year (Apr - Mar), 2020","August, 2020",14-Aug-2020,550000.0,419428.3,245076.2,204452.39
India,"Financial Year (Apr - Mar), 2020","August, 2020",21-Aug-2020,584000.0,453428.3,256626.2,216002.39
India,"Financial Year (Apr - Mar), 2020","August, 2020",28-Aug-2020,616000.0,485428.3,270476.2,226069.05
India,"Financial Year (Apr - Mar), 2020","September, 2020",04-Sep-2020,646000.0,515428.3,282686.2,238279.05
India,"Financial Year (Apr - Mar), 2020","September, 2020",11-Sep-2020,676000.0,545428.3,298361.2,248406.0
India,"Financial Year (Apr - Mar), 2020","September, 2020",18-Sep-2020,706000.0,575428.3,312361.2,262406.0
India,"Financial Year (Apr - Mar), 2020","September, 2020",25-Sep-2020,736000.0,605428.3,326659.2,272452.05
India,"Financial Year (Apr - Mar), 2020","October, 2020",02-Oct-2020,766000.0,635428.3,353596.2,298089.16
India,"Financial Year (Apr - Mar), 2020","October, 2020",09-Oct-2020,766000.0,635428.3,375946.2,316339.16
India,"Financial Year (Apr - Mar), 2020","October, 2020",16-Oct-2020,794000.0,663428.3,395196.2,334013.32
India,"Financial Year (Apr - Mar), 2020","October, 2020",23-Oct-2020,822000.0,691428.3,410081.2,346578.32
India,"Financial Year (Apr - Mar), 2020","October, 2020",30-Oct-2020,853000.0,722428.3,427806.2,354901.52
India,"Financial Year (Apr - Mar), 2020","November, 2020",06-Nov-2020,876000.0,745428.3,448656.2,375751.52
India,"Financial Year (Apr - Mar), 2020","November, 2020",13-Nov-2020,905000.0,774428.3,464131.74,381076.8
India,"Financial Year (Apr - Mar), 2020","November, 2020",20-Nov-2020,905000.0,774428.3,472847.74,388192.8
India,"Financial Year (Apr - Mar), 2020","November, 2020",27-Nov-2020,927000.0,796428.3,491025.54,401995.6
India,"Financial Year (Apr - Mar), 2020","December, 2020",04-Dec-2020,955000.0,824428.3,504205.54,415175.6
India,"Financial Year (Apr - Mar), 2020","December, 2020",11-Dec-2020,977000.0,796935.15,514625.54,420620.6
India,"Financial Year (Apr - Mar), 2020","December, 2020",18-Dec-2020,1005000.0,824935.15,524990.54,430735.6
India,"Financial Year (Apr - Mar), 2020","December, 2020",25-Dec-2020,1027000.0,833935.15,536998.0,437803.07
India,"Financial Year (Apr - Mar), 2020","January, 2021",01-Jan-2021,1049975.0,851910.0,555852.0,455578.77
India,"Financial Year (Apr - Mar), 2020","January, 2021",08-Jan-2021,1071975.0,873910.15,570902.0,466124.67
India,"Financial Year (Apr - Mar), 2020","January, 2021",15-Jan-2021,1102837.74,904772.88,583196.0,477718.67
India,"Financial Year (Apr - Mar), 2020","January, 2021",22-Jan-2021,1125292.66,898082.75,595402.0,484568.15
India,"Financial Year (Apr - Mar), 2020","January, 2021",29-Jan-2021,1146212.66,919002.75,611652.0,500818.0
India,"Financial Year (Apr - Mar), 2020","February, 2021",05-Feb-2021,1167365.44,940155.54,632029.0,516895.15
India,"Financial Year (Apr - Mar), 2020","February, 2021",12-Feb-2021,1202365.44,975155.54,649479.0,532671.27
India,"Financial Year (Apr - Mar), 2020","February, 2021",19-Feb-2021,1229491.16,1002281.26,667416.0,543099.54
India,"Financial Year (Apr - Mar), 2020","February, 2021",26-Feb-2021,1257137.55,1029927.64,691222.0,565905.54
India,"Financial Year (Apr - Mar), 2020","March, 2021",05-Mar-2021,1280091.13,1052881.22,714600.0,585098.13
India,"Financial Year (Apr - Mar), 2020","March, 2021",12-Mar-2021,1313091.13,1085881.22,736773.0,605899.71
India,"Financial Year (Apr - Mar), 2020","March, 2021",19-Mar-2021,1337323.73,1110113.82,760392.0,617589.2
India,"Financial Year (Apr - Mar), 2020","March, 2021",26-Mar-2021,1370323.73,1143113.82,778175.0,632254.01
India,"Financial Year (Apr - Mar), 2021","April, 2021",09-Apr-2021,,-53272.0,4000.0,-1200.0
India,"Financial Year (Apr - Mar), 2021","April, 2021",16-Apr-2021,37853.234,-15419.205,5700.0,500.0
India,"Financial Year (Apr - Mar), 2021","April, 2021",23-Apr-2021,49180.073,-4092.366,8950.0,1977.0
India,"Financial Year (Apr - Mar), 2021","April, 2021",30-Apr-2021,71184.1,17911.661,9150.0,227.0
India,"Financial Year (Apr - Mar), 2021","May, 2021",07-May-2021,102019.307,48746.868,25050.0,14127.0
India,"Financial Year (Apr - Mar), 2021","May, 2021",14-May-2021,134019.307,80746.868,37200.0,23177.0
India,"Financial Year (Apr - Mar), 2021","May, 2021",21-May-2021,146224.538,92952.099,48200.0,33677.0
India,"Financial Year (Apr - Mar), 2021","May, 2021",28-May-2021,184034.538,92061.549,59700.0,40777.0
India,"Financial Year (Apr - Mar), 2021","June, 2021",04-Jun-2021,245194.751,140008.442,79250.0,59093.58
India,"Financial Year (Apr - Mar), 2021","June, 2021",11-Jun-2021,245194.751,140008.442,90750.0,65743.58
India,"Financial Year (Apr - Mar), 2021","June, 2021",18-Jun-2021,271944.751,166758.442,104350.0,78343.58
India,"Financial Year (Apr - Mar), 2021","June, 2021",25-Jun-2021,306444.751,201258.442,123950.0,90481.65
India,"Financial Year (Apr - Mar), 2021","July, 2021",02-Jul-2021,318493.205,213306.896,144550.0,111081.65
India,"Financial Year (Apr - Mar), 2021","July, 2021",09-Jul-2021,352993.205,247806.896,159450.0,120731.65
India,"Financial Year (Apr - Mar), 2021","July, 2021",16-Jul-2021,378993.205,239736.963,178150.0,138631.6537
India,"Financial Year (Apr - Mar), 2021","July, 2021",23-Jul-2021,410993.205,271736.963,186850.0,142081.6537
India,"Financial Year (Apr - Mar), 2021","July, 2021",30-Jul-2021,439993.205,300736.963,193850.0,147281.6537
India,"Financial Year (Apr - Mar), 2021","August, 2021",06-Aug-2021,474993.205,335736.963,206350.0,159781.6537
India,"Financial Year (Apr - Mar), 2021","August, 2021",13-Aug-2021,489993.205,350736.963,218450.0,163569.1537
India,"Financial Year (Apr - Mar), 2021","August, 2021",20-Aug-2021,526488.205,387231.963,226950.0,172069.1537
India,"Financial Year (Apr - Mar), 2021","August, 2021",27-Aug-2021,552488.205,413231.963,238150.0,177519.1537
India,"Financial Year (Apr - Mar), 2021","September, 2021",03-Sep-2021,586496.08,447239.838,254500.0,192619.1537
India,"Financial Year (Apr - Mar), 2021","September, 2021",10-Sep-2021,612496.08,473239.838,268980.0,202649.1537
India,"Financial Year (Apr - Mar), 2021","September, 2021",17-Sep-2021,645356.532,506100.29,282827.0,214196.1537
India,"Financial Year (Apr - Mar), 2021","September, 2021",24-Sep-2021,671356.532,532100.29,291728.0,218797.1537
India,"Financial Year (Apr - Mar), 2021","October, 2021",01-Oct-2021,702356.532,563100.29,308971.73,235740.8837
India,"Financial Year (Apr - Mar), 2021","October, 2021",08-Oct-2021,726356.532,587100.29,331780.752,249415.4347
India,"Financial Year (Apr - Mar), 2021","October, 2021",15-Oct-2021,750356.532,611100.29,342920.964,258679.8117
India,"Financial Year (Apr - Mar), 2021","October, 2021",22-Oct-2021,774356.532,635100.29,347920.964,254674.3917
India,"Financial Year (Apr - Mar), 2021","October, 2021",29-Oct-2021,798356.532,659100.29,368420.964,274174.3917
India,"Financial Year (Apr - Mar), 2021","November, 2021",05-Nov-2021,822356.532,683100.29,382120.964,287374.3917
India,"Financial Year (Apr - Mar), 2021","November, 2021",12-Nov-2021,822356.532,607799.835,388120.964,286051.8917
India,"Financial Year (Apr - Mar), 2021","November, 2021",19-Nov-2021,846356.532,631799.835,398120.964,296051.8917
India,"Financial Year (Apr - Mar), 2021","November, 2021",26-Nov-2021,870356.532,655799.835,406245.964,297258.8917
India,"Financial Year (Apr - Mar), 2021","December, 2021",03-Dec-2021,894356.532,679799.835,411922.964,302935.8917
India,"Financial Year (Apr - Mar), 2021","December, 2021",10-Dec-2021,918356.532,703799.835,419922.964,303163.0717
India,"Financial Year (Apr - Mar), 2021","December, 2021",17-Dec-2021,942356.532,727799.835,426975.964,309866.0717
India,"Financial Year (Apr - Mar), 2021","December, 2021",24-Dec-2021,966356.532,751799.835,442073.964,315655.0717
India,"Financial Year (Apr - Mar), 2021","December, 2021",31-Dec-2021,990356.532,775799.835,466307.964,339810.7717
India,"Financial Year (Apr - Mar), 2021","January, 2022",07-Jan-2022,997356.532,782799.835,485194.674,358197.4817
India,"Financial Year (Apr - Mar), 2021","January, 2022",14-Jan-2022,1021856.532,807299.835,500980.39,362816.1977
India,"Financial Year (Apr - Mar), 2021","January, 2022",21-Jan-2022,1045856.532,831299.835,522139.39,383975.1977
India,"Financial Year (Apr - Mar), 2021","January, 2022",28-Jan-2022,1069856.532,855299.835,545843.39,395718.1977
India,"Financial Year (Apr - Mar), 2021","February, 2022",04-Feb-2022,1093856.532,879299.835,559343.39,409218.1977
India,"Financial Year (Apr - Mar), 2021","February, 2022",11-Feb-2022,1104381.532,889824.835,573576.39,411707.5737
India,"Financial Year (Apr - Mar), 2021","February, 2022",18-Feb-2022,1104381.532,840102.96,585676.39,422807.5737
India,"Financial Year (Apr - Mar), 2021","February, 2022",25-Feb-2022,1104381.532,840102.96,597961.39,426414.5737
India,"Financial Year (Apr - Mar), 2021","March, 2022",04-Mar-2022,1127381.532,863102.96,618664.39,446817.5737
India,"Financial Year (Apr - Mar), 2021","March, 2022",11-Mar-2022,1127381.532,863102.96,635554.39,451584.1537
India,"Financial Year (Apr - Mar), 2021","March, 2022",18-Mar-2022,1127381.532,863102.96,649193.39,458701.5037
India,"Financial Year (Apr - Mar), 2021","March, 2022",25-Mar-2022,1127381.532,863102.96,670773.39,475953.2037
India,"Financial Year (Apr - Mar), 2022","April, 2022",08-Apr-2022,,,6000.0,5500.0
India,"Financial Year (Apr - Mar), 2022","April, 2022",15-Apr-2022,32000.0,4645.117,8000.0,4650.0
India,"Financial Year (Apr - Mar), 2022","April, 2022",22-Apr-2022,65000.0,37645.117,8000.0,3575.0
India,"Financial Year (Apr - Mar), 2022","April, 2022",29-Apr-2022,97000.0,69645.117,9500.0,360.0
India,"Financial Year (Apr - Mar), 2022","May, 2022",06-May-2022,130000.0,102645.117,12390.0,2250.0
India,"Financial Year (Apr - Mar), 2022","May, 2022",13-May-2022,162000.0,86679.285,22390.0,5478.192
India,"Financial Year (Apr - Mar), 2022","May, 2022",20-May-2022,195000.0,119679.285,30890.0,12978.192
India,"Financial Year (Apr - Mar), 2022","May, 2022",27-May-2022,227000.0,151679.285,44790.0,19578.192
India,"Financial Year (Apr - Mar), 2022","June, 2022",03-Jun-2022,260000.0,184679.285,67240.0,37794.7757
India,"Financial Year (Apr - Mar), 2022","June, 2022",10-Jun-2022,292000.0,157010.165,79240.0,41289.7757
India,"Financial Year (Apr - Mar), 2022","June, 2022",17-Jun-2022,325000.0,190010.165,84240.0,44774.7757
India,"Financial Year (Apr - Mar), 2022","June, 2022",24-Jun-2022,357000.0,222010.165,90740.0,43320.9617
India,"Financial Year (Apr - Mar), 2022","July, 2022",01-Jul-2022,390000.0,255010.165,110240.0,61760.9617
India,"Financial Year (Apr - Mar), 2022","July, 2022",08-Jul-2022,422000.0,287010.165,123740.0,71825.9617
India,"Financial Year (Apr - Mar), 2022","July, 2022",15-Jul-2022,455000.0,320010.165,131740.0,79825.9617
India,"Financial Year (Apr - Mar), 2022","July, 2022",22-Jul-2022,487000.0,352010.165,144580.0,82285.9617
India,"Financial Year (Apr - Mar), 2022","July, 2022",29-Jul-2022,520000.0,385010.165,163230.0,100935.9617
India,"Financial Year (Apr - Mar), 2022","August, 2022",05-Aug-2022,552000.0,378312.818,184156.0,121861.9617
India,"Financial Year (Apr - Mar), 2022","August, 2022",12-Aug-2022,585000.0,411312.818,197956.0,124511.9617
India,"Financial Year (Apr - Mar), 2022","August, 2022",19-Aug-2022,613000.0,439312.818,201956.0,128511.9617
India,"Financial Year (Apr - Mar), 2022","August, 2022",26-Aug-2022,646000.0,463640.778,208756.0,129921.9617
India,"Financial Year (Apr - Mar), 2022","September, 2022",02-Sep-2022,674000.0,491640.778,222756.0,143421.9617
India,"Financial Year (Apr - Mar), 2022","September, 2022",09-Sep-2022,707000.0,524640.778,228656.0,142394.2358
India,"Financial Year (Apr - Mar), 2022","September, 2022",16-Sep-2022,735000.0,552640.778,239106.0,152844.2358
India,"Financial Year (Apr - Mar), 2022","September, 2022",23-Sep-2022,768000.0,540639.013,248506.0,153022.4118
India,"Financial Year (Apr - Mar), 2022","September, 2022",30-Sep-2022,796000.0,568639.013,276347.015,178878.4268
India,"Financial Year (Apr - Mar), 2022","October, 2022",07-Oct-2022,829000.0,601639.013,295847.015,190538.7808
India,"Financial Year (Apr - Mar), 2022","October, 2022",14-Oct-2022,857000.0,629639.013,304697.015,199312.9458
India,"Financial Year (Apr - Mar), 2022","October, 2022",21-Oct-2022,887000.0,659639.013,321597.015,205792.9458
India,"Financial Year (Apr - Mar), 2022","October, 2022",28-Oct-2022,915000.0,687639.013,346797.015,225907.9458
India,"Financial Year (Apr - Mar), 2022","November, 2022",04-Nov-2022,915000.0,687639.013,357510.015,234284.9458
India,"Financial Year (Apr - Mar), 2022","November, 2022",11-Nov-2022,945000.0,689228.905,367533.015,238307.9458
India,"Financial Year (Apr - Mar), 2022","November, 2022",18-Nov-2022,973000.0,717228.905,376333.015,245107.9458
India,"Financial Year (Apr - Mar), 2022","November, 2022",25-Nov-2022,1003000.0,747228.905,391296.015,250880.9458
India,"Financial Year (Apr - Mar), 2022","December, 2022",02-Dec-2022,1031000.0,775228.905,403996.015,263580.9458
India,"Financial Year (Apr - Mar), 2022","December, 2022",09-Dec-2022,1061000.0,805228.905,412798.584,268183.5148
India,"Financial Year (Apr - Mar), 2022","December, 2022",16-Dec-2022,1089000.0,833228.905,422284.584,277669.5148
India,"Financial Year (Apr - Mar), 2022","December, 2022",23-Dec-2022,1119000.0,806261.145,434311.0,279583.0
India,"Financial Year (Apr - Mar), 2022","December, 2022",30-Dec-2022,1147000.0,834261.145,457457.864,302730.2948
India,"Financial Year (Apr - Mar), 2022","January, 2023",06-Jan-2023,1177000.0,864261.145,470953.864,316147.9948
India,"Financial Year (Apr - Mar), 2022","January, 2023",13-Jan-2023,1205000.0,892261.145,476953.864,315540.4948
India,"Financial Year (Apr - Mar), 2022","January, 2023",20-Jan-2023,1235000.0,922261.145,483653.864,320240.4948
India,"Financial Year (Apr - Mar), 2022","January, 2023",27-Jan-2023,1271000.0,958261.145,509303.864,335288.8648
India,"Financial Year (Apr - Mar), 2022","February, 2023",03-Feb-2023,1301000.0,988261.145,535108.864,360093.8648
India,"Financial Year (Apr - Mar), 2022","February, 2023",10-Feb-2023,1337000.0,1024261.145,555358.864,372499.9908
India,"Financial Year (Apr - Mar), 2022","February, 2023",17-Feb-2023,1367000.0,1054261.145,567258.864,384399.9908
India,"Financial Year (Apr - Mar), 2022","February, 2023",24-Feb-2023,1395000.0,1082261.145,586495.864,393591.9898
India,"Financial Year (Apr - Mar), 2022","March, 2023",03-Mar-2023,1421000.0,1108261.145,619328.864,424535.9398
India,"Financial Year (Apr - Mar), 2022","March, 2023",10-Mar-2023,1421000.0,1108261.145,648786.864,442410.5198
India,"Financial Year (Apr - Mar), 2022","March, 2023",17-Mar-2023,1421000.0,1108261.145,681356.812,471818.8178
India,"Financial Year (Apr - Mar), 2022","March, 2023",24-Mar-2023,1421000.0,1108261.145,717177.812,488737.8748
India,"Financial Year (Apr - Mar), 2023","April, 2023",07-Apr-2023,,,3000.0,1000.0
India,"Financial Year (Apr - Mar), 2023","April, 2023",14-Apr-2023,33000.0,20290.0,8800.0,4337.0
India,"Financial Year (Apr - Mar), 2023","April, 2023",21-Apr-2023,72000.0,31441.187,16300.0,9337.0
India,"Financial Year (Apr - Mar), 2023","April, 2023",28-Apr-2023,105000.0,64441.187,22300.0,9887.0
India,"Financial Year (Apr - Mar), 2023","May, 2023",05-May-2023,136000.0,95441.187,37500.01,25087.01
India,"Financial Year (Apr - Mar), 2023","May, 2023",12-May-2023,169000.0,128441.187,47200.01,29287.01
India,"Financial Year (Apr - Mar), 2023","May, 2023",19-May-2023,208000.0,128553.919,55700.01,37787.01
India,"Financial Year (Apr - Mar), 2023","May, 2023",26-May-2023,241000.0,95388.919,74250.01,48157.01
India,"Financial Year (Apr - Mar), 2023","June, 2023",02-Jun-2023,272000.0,126388.919,99800.01,72473.5937
India,"Financial Year (Apr - Mar), 2023","June, 2023",09-Jun-2023,305000.0,158236.366,117100.01,85973.5937
India,"Financial Year (Apr - Mar), 2023","June, 2023",16-Jun-2023,344000.0,185236.366,139650.01,107008.594
India,"Financial Year (Apr - Mar), 2023","June, 2023",23-Jun-2023,377000.0,218236.366,145250.01,99404.78
India,"Financial Year (Apr - Mar), 2023","June, 2023",30-Jun-2023,408000.0,249236.366,167700.01,121794.78
India,"Financial Year (Apr - Mar), 2023","July, 2023",07-Jul-2023,441000.0,282236.366,183900.01,120890.78
India,"Financial Year (Apr - Mar), 2023","July, 2023",14-Jul-2023,480000.0,321236.366,194300.01,130790.78
India,"Financial Year (Apr - Mar), 2023","July, 2023",21-Jul-2023,513000.0,354236.366,206730.01,134113.78
India,"Financial Year (Apr - Mar), 2023","July, 2023",28-Jul-2023,544000.0,385236.366,225730.01,148113.78
India,"Financial Year (Apr - Mar), 2023","August, 2023",04-Aug-2023,577000.0,418236.366,245230.01,159692.98
India,"Financial Year (Apr - Mar), 2023","August, 2023",11-Aug-2023,616000.0,457236.366,250480.01,164942.98
India,"Financial Year (Apr - Mar), 2023","August, 2023",18-Aug-2023,649000.0,490236.366,263680.01,172022.08
India,"Financial Year (Apr - Mar), 2023","August, 2023",25-Aug-2023,680000.0,521236.366,272110.01,174702.0797
India,"Financial Year (Apr - Mar), 2023","September, 2023",01-Sep-2023,713000.0,554236.366,288010.01,184023.5197
India,"Financial Year (Apr - Mar), 2023","September, 2023",08-Sep-2023,752000.0,593236.366,303699.019,198309.8028
India,"Financial Year (Apr - Mar), 2023","September, 2023",15-Sep-2023,785000.0,626236.366,318299.019,204643.1648
India,"Financial Year (Apr - Mar), 2023","September, 2023",22-Sep-2023,816000.0,657236.366,331022.019,215254.3408
India,"Financial Year (Apr - Mar), 2023","September, 2023",29-Sep-2023,888000.0,729236.366,358022.019,233063.641
India,"Financial Year (Apr - Mar), 2023","October, 2023",06-Oct-2023,888000.0,729236.366,380522.019,254163.75
India,"Financial Year (Apr - Mar), 2023","October, 2023",13-Oct-2023,918000.0,759236.366,390123.541,252958.532
India,"Financial Year (Apr - Mar), 2023","October, 2023",20-Oct-2023,952000.0,793236.366,406505.541,268070.532
India,"Financial Year (Apr - Mar), 2023","October, 2023",27-Oct-2023,982000.0,823236.0,425406.0,276526.0
India,"Financial Year (Apr - Mar), 2023","November, 2023",03-Nov-2023,1012000.0,799311.0,450661.0,301082.0
India,"Financial Year (Apr - Mar), 2023","November, 2023",10-Nov-2023,1042000.0,829311.08,476411.054,318631.825
India,"Financial Year (Apr - Mar), 2023","November, 2023",17-Nov-2023,1081000.0,868311.08,488911.054,328131.825
India,"Financial Year (Apr - Mar), 2023","November, 2023",24-Nov-2023,1111000.0,898311.08,500531.054,330856.947
India,"Financial Year (Apr - Mar), 2023","December, 2023",01-Dec-2023,1141000.0,839238.361,536331.054,365656.947
India,"Financial Year (Apr - Mar), 2023","December, 2023",08-Dec-2023,1171000.0,869238.361,551463.054,368578.947
India,"Financial Year (Apr - Mar), 2023","December, 2023",15-Dec-2023,1210000.0,829404.138,563563.054,379933.947
India,"Financial Year (Apr - Mar), 2023","December, 2023",22-Dec-2023,1243000.0,862404.138,583255.054,388827.927
India,"Financial Year (Apr - Mar), 2023","December, 2023",29-Dec-2023,1273000.0,892404.138,604014.063,409586.936
India,"Financial Year (Apr - Mar), 2023","January, 2024",05-Jan-2024,1306000.0,925404.138,620014.063,417799.056
India,"Financial Year (Apr - Mar), 2023","January, 2024",12-Jan-2024,1340000.0,959404.0,639344.063,437129.056
India,"Financial Year (Apr - Mar), 2023","January, 2024",19-Jan-2024,1373000.0,992404.138,658544.063,443035.056
India,"Financial Year (Apr - Mar), 2023","January, 2024",26-Jan-2024,1408000.0,967871.251,681824.801,466315.794
India,"Financial Year (Apr - Mar), 2023","February, 2024",02-Feb-2024,1441000.0,1000871.251,708035.801,481323.154
India,"Financial Year (Apr - Mar), 2023","February, 2024",09-Feb-2024,1480000.0,1039871.251,734745.801,506359.2798
India,"Financial Year (Apr - Mar), 2023","February, 2024",16-Feb-2024,1513000.0,1072871.251,753245.801,512163.3258
India,"Financial Year (Apr - Mar), 2023","February, 2024",23-Feb-2024,1543000.0,1102871.251,781445.801,538963.3248
India,"Financial Year (Apr - Mar), 2023","March, 2024",01-Mar-2024,1543000.0,1102871.251,814294.801,563873.0448
India,"Financial Year (Apr - Mar), 2023","March, 2024",08-Mar-2024,1543000.0,1102871.251,842275.801,587155.0448
India,"Financial Year (Apr - Mar), 2023","March, 2024",15-Mar-2024,1543000.0,1102871.251,877819.801,610235.9748
India,"Financial Year (Apr - Mar), 2023","March, 2024",22-Mar-2024,1543000.0,1102871.251,952025.801,679318.8818
India,"Financial Year (Apr - Mar), 2023","March, 2024",29-Mar-2024,1543000.0,1102871.251,1007058.291,726930.3698
India,"Financial Year (Apr - Mar), 2024","April, 2024",05-Apr-2024,,,16100.0,16100.0
India,"Financial Year (Apr - Mar), 2024","April, 2024",12-Apr-2024,38000.0,38000.0,22600.0,16215.0
India,"Financial Year (Apr - Mar), 2024","April, 2024",19-Apr-2024,68000.0,68000.0,24500.0,17115.0
India,"Financial Year (Apr - Mar), 2024","April, 2024",26-Apr-2024,92000.0,92000.0,36500.0,18199.0
India,"Financial Year (Apr - Mar), 2024","May, 2024",03-May-2024,124000.0,124000.0,51200.0,32899.0
India,"Financial Year (Apr - Mar), 2024","May, 2024",10-May-2024,152000.0,141487.007,61100.0,42799.0
India,"Financial Year (Apr - Mar), 2024","May, 2024",17-May-2024,172000.0,159417.008,67600.0,41579.0
India,"Financial Year (Apr - Mar), 2024","May, 2024",24-May-2024,203000.0,185150.967,72800.0,42779.0
India,"Financial Year (Apr - Mar), 2024","May, 2024",31-May-2024,232000.0,209039.677,94000.0,53714.0
India,"Financial Year (Apr - Mar), 2024","June, 2024",07-Jun-2024,255000.0,224752.114,113500.0,67480.5837
India,"Financial Year (Apr - Mar), 2024","June, 2024",14-Jun-2024,284000.0,253752.114,119250.0,67750.5837
India,"Financial Year (Apr - Mar), 2024","June, 2024",21-Jun-2024,318000.0,239398.761,128750.0,72381.7697
India,"Financial Year (Apr - Mar), 2024","June, 2024",28-Jun-2024,341000.0,206398.761,145821.0,81322.7697
India,"Financial Year (Apr - Mar), 2024","July, 2024",05-Jul-2024,372000.0,237398.761,159913.875,95200.6447
India,"Financial Year (Apr - Mar), 2024","July, 2024",12-Jul-2024,400000.0,265398.761,166013.875,97050.6447
India,"Financial Year (Apr - Mar), 2024","July, 2024",19-Jul-2024,422000.0,287398.761,172603.875,103640.6447
India,"Financial Year (Apr - Mar), 2024","July, 2024",26-Jul-2024,453000.0,257453.859,184703.875,106040.6447
India,"Financial Year (Apr - Mar), 2024","August, 2024",02-Aug-2024,488000.0,292453.859,214203.875,135040.6447
India,"Financial Year (Apr - Mar), 2024","August, 2024",09-Aug-2024,505697.398,310151.257,237403.875,158240.6447
India,"Financial Year (Apr - Mar), 2024","August, 2024",16-Aug-2024,536697.398,341151.257,253353.875,166990.6447
India,"Financial Year (Apr - Mar), 2024","August, 2024",23-Aug-2024,570697.398,375151.257,267143.875,180780.6447
India,"Financial Year (Apr - Mar), 2024","August, 2024",30-Aug-2024,593697.398,398151.257,303393.875,210850.6447
India,"Financial Year (Apr - Mar), 2024","September, 2024",06-Sep-2024,623697.398,428151.257,323946.875,229497.919
India,"Financial Year (Apr - Mar), 2024","September, 2024",13-Sep-2024,652697.398,457151.257,337736.875,228082.919
India,"Financial Year (Apr - Mar), 2024","September, 2024",20-Sep-2024,674697.0,479151.0,351237.0,240583.0
India,"Financial Year (Apr - Mar), 2024","September, 2024",27-Sep-2024,705697.0,510151.0,385637.0,265271.0
India,"Financial Year (Apr - Mar), 2024","October, 2024",04-Oct-2024,739697.0,544151.0,405579.0,282313.0
India,"Financial Year (Apr - Mar), 2024","October, 2024",11-Oct-2024,778697.398,583151.257,424278.875,299873.4488
India,"Financial Year (Apr - Mar), 2024","October, 2024",18-Oct-2024,807697.398,612151.257,437328.875,296527.6138
India,"Financial Year (Apr - Mar), 2024","October, 2024",25-Oct-2024,840697.398,645151.257,445428.875,302127.6138
India,"Financial Year (Apr - Mar), 2024","November, 2024",01-Nov-2024,872697.398,677151.257,470478.875,316727.6138
India,"Financial Year (Apr - Mar), 2024","November, 2024",08-Nov-2024,872697.398,588351.256,479945.875,325694.6138
India,"Financial Year (Apr - Mar), 2024","November, 2024",15-Nov-2024,894697.398,545271.158,485345.875,321124.6138
India,"Financial Year (Apr - Mar), 2024","November, 2024",22-Nov-2024,931697.398,582271.158,494694.875,330473.6138
India,"Financial Year (Apr - Mar), 2024","November, 2024",29-Nov-2024,963697.398,614271.158,525484.879,346038.6178
India,"Financial Year (Apr - Mar), 2024","December, 2024",06-Dec-2024,993697.398,644271.158,551321.879,371875.6178
India,"Financial Year (Apr - Mar), 2024","December, 2024",13-Dec-2024,1023697.398,674271.158,562721.879,376045.6178
India,"Financial Year (Apr - Mar), 2024","December, 2024",20-Dec-2024,1060697.398,711271.158,583546.879,396870.6178
India,"Financial Year (Apr - Mar), 2024","December, 2024",27-Dec-2024,1089697.398,740271.158,614146.879,409570.6178
India,"Financial Year (Apr - Mar), 2024","January, 2025",03-Jan-2025,1121697.398,772271.158,638875.879,434221.3178
India,"Financial Year (Apr - Mar), 2024","January, 2025",10-Jan-2025,1153697.398,804271.158,658401.029,450246.4678
India,"Financial Year (Apr - Mar), 2024","January, 2025",17-Jan-2025,1175697.398,814275.158,676320.029,455115.4678
India,"Financial Year (Apr - Mar), 2024","January, 2025",24-Jan-2025,1211697.398,850275.158,693820.029,472615.4678
India,"Financial Year (Apr - Mar), 2024","January, 2025",31-Jan-2025,1243697.398,882275.158,725820.029,483815.4678
India,"Financial Year (Apr - Mar), 2024","February, 2025",07-Feb-2025,1273697.398,912275.158,759240.09,513061.6548
India,"Financial Year (Apr - Mar), 2024","February, 2025",14-Feb-2025,1295697.398,934275.158,777559.09,519100.6548
India,"Financial Year (Apr - Mar), 2024","February, 2025",21-Feb-2025,1334697.398,973275.158,807359.09,547500.6538
India,"Financial Year (Apr - Mar), 2024","February, 2025",28-Feb-2025,1368697.398,1007275.158,848413.09,572319.6038
India,"Financial Year (Apr - Mar), 2024","March, 2025",07-Mar-2025,1400697.398,1039275.158,898913.09,621120.6038
India,"Financial Year (Apr - Mar), 2024","March, 2025",14-Mar-2025,1400697.398,1039275.158,948435.09,654025.8038
India,"Financial Year (Apr - Mar), 2024","March, 2025",21-Mar-2025,1400697.398,1039275.158,1001055.09,694880.0608
India,"Financial Year (Apr - Mar), 2024","March, 2025",28-Mar-2025,1400697.398,1039275.158,1073310.197,762398.1558
India,"Financial Year (Apr - Mar), 2025","April, 2025",04-Apr-2025,0.0,0.0,11800.0,11800.0
India,"Financial Year (Apr - Mar), 2025","April, 2025",11-Apr-2025,36000.0,36000.0,15300.0,13700.0
India,"Financial Year (Apr - Mar), 2025","April, 2025",18-Apr-2025,68000.0,68000.0,18300.0,7520.0
India,"Financial Year (Apr - Mar), 2025","April, 2025",25-Apr-2025,98000.0,98000.0,29170.0,18390.0
India,"Financial Year (Apr - Mar), 2025","May, 2025",02-May-2025,125000.0,125000.0,53870.0,33530.0
India,"Financial Year (Apr - Mar), 2025","May, 2025",09-May-2025,161000.0,161000.0,76692.03,55352.03
India,"Financial Year (Apr - Mar), 2025","May, 2025",16-May-2025,193000.0,193000.0,88192.03,48603.83
India,"Financial Year (Apr - Mar), 2025","May, 2025",23-May-2025,218000.0,162632.55,102992.03,62903.83
India,"Financial Year (Apr - Mar), 2025","May, 2025",30-May-2025,245000.0,189632.55,118642.03,68403.83
India,"Financial Year (Apr - Mar), 2025","June, 2025",06-Jun-2025,281000.0,225632.55,146818.542,94596.926
India,"Financial Year (Apr - Mar), 2025","June, 2025",13-Jun-2025,313000.0,177914.225,165148.542,103311.926
India,"Financial Year (Apr - Mar), 2025","June, 2025",20-Jun-2025,338000.0,202914.225,173648.542,110811.9257
India,"Financial Year (Apr - Mar), 2025","June, 2025",27-Jun-2025,365000.0,229914.225,200848.542,124913.1117
India,"Financial Year (Apr - Mar), 2025","July, 2025",04-Jul-2025,401000.0,265914.225,218948.542,141798.1117
India,"Financial Year (Apr - Mar), 2025","July, 2025",11-Jul-2025,433000.0,297914.225,232248.542,154598.1117
India,"Financial Year (Apr - Mar), 2025","July, 2025",18-Jul-2025,458000.0,322914.225,259148.542,173423.1117
India,"Financial Year (Apr - Mar), 2025","July, 2025",25-Jul-2025,485000.0,349914.225,269898.542,184173.1117
India,"Financial Year (Apr - Mar), 2025","August, 2025",01-Aug-2025,521000.0,385914.225,297617.589,197767.1587
India,"Financial Year (Apr - Mar), 2025","August, 2025",08-Aug-2025,553000.0,417914.225,324367.607,223817.1767
India,"Financial Year (Apr - Mar), 2025","August, 2025",15-Aug-2025,578000.0,442914.225,332817.607,222167.1767
India,"Financial Year (Apr - Mar), 2025","August, 2025",22-Aug-2025,606000.0,470914.225,350417.607,239767.1767
India,"Financial Year (Apr - Mar), 2025","August, 2025",29-Aug-2025,642000.0,506914.225,379309.643,258709.2127
India,"Financial Year (Apr - Mar), 2025","September, 2025",05-Sep-2025,674000.0,538914.225,408392.207,287291.7767
India,"Financial Year (Apr - Mar), 2025","September, 2025",12-Sep-2025,699000.0,563914.225,423292.207,290364.0508
India,"Financial Year (Apr - Mar), 2025","September, 2025",19-Sep-2025,727000.0,591914.225,441692.207,308264.0508
India,"Financial Year (Apr - Mar), 2025","September, 2025",26-Sep-2025,763000.0,556298.529,466692.207,321992.2268
India,"Financial Year (Apr - Mar), 2025","October, 2025",03-Oct-2025,795000.0,588298.529,500792.207,356092.2268
India,"Financial Year (Apr - Mar), 2025","October, 2025",10-Oct-2025,827000.0,620298.529,510202.207,362962.5808
India,"Financial Year (Apr - Mar), 2025","October, 2025",17-Oct-2025,855000.0,648298.529,523002.207,358274.9458
India,"Financial Year (Apr - Mar), 2025","October, 2025",24-Oct-2025,885000.0,678298.529,540002.207,375004.946
India,"Financial Year (Apr - Mar), 2025","October, 2025",31-Oct-2025,885000.0,678298.529,557802.207,381754.946
India,"Financial Year (Apr - Mar), 2025","November, 2025",07-Nov-2025,906000.0,601120.047,569402.207,390354.946
India,"Financial Year (Apr - Mar), 2025","November, 2025",14-Nov-2025,938000.0,633120.047,584962.207,386114.946
India,"Financial Year (Apr - Mar), 2025","November, 2025",21-Nov-2025,966000.0,661120.047,598562.207,398714.946
India,"Financial Year (Apr - Mar), 2025","November, 2025",28-Nov-2025,996000.0,691120.047,623629.409,406982.148
India,"Financial Year (Apr - Mar), 2025","December, 2025",05-Dec-2025,1028000.0,723120.047,653354.402,436707.141
India,"Financial Year (Apr - Mar), 2025","December, 2025",12-Dec-2025,1060000.0,755120.047,668853.494,435568.733
India,"Financial Year (Apr - Mar), 2025","December, 2025",19-Dec-2025,1088000.0,783120.047,684183.494,450398.733
India,"Financial Year (Apr - Mar), 2025","December, 2025",26-Dec-2025,1118000.0,813120.047,717903.494,472093.733
India,"Financial Year (Apr - Mar), 2025","January, 2026",02-Jan-2026,1150000.0,845120.047,753353.494,506411.433
India,"Financial Year (Apr - Mar), 2025","January, 2026",09-Jan-2026,1182000.0,786334.051,783453.494,536011.433
India,"Financial Year (Apr - Mar), 2025","January, 2026",16-Jan-2026,1211000.0,815334.051,810268.494,543956.433
India,"Financial Year (Apr - Mar), 2025","January, 2026",23-Jan-2026,1242000.0,846334.051,823268.494,553356.433
India,"Financial Year (Apr - Mar), 2025","January, 2026",30-Jan-2026,1275000.0,879334.051,861568.494,575656.433
India,"Financial Year (Apr - Mar), 2025","February, 2026",06-Feb-2026,1307000.0,911334.051,899618.494,612956.433
India,"Financial Year (Apr - Mar), 2025","February, 2026",13-Feb-2026,1336000.0,940334.051,947238.8,640877.865
India,"Financial Year (Apr - Mar), 2025","February, 2026",20-Feb-2026,1367000.0,971334.051,986688.8,679827.865
India,"Financial Year (Apr - Mar), 2025","February, 2026",27-Feb-2026,1400000.0,1004334.051,1032788.8,703643.814
